Area (km2),Veg area (km2),pm25 mcg/m3,Veg density,city_B,city_NYC,city_S,cluster,PCA1,PCA2
45.25,17.8975,7.550000000000001,0.405,0.0,1.0,0.0,0.0,-1.2382100590452407,1.2935384253648805
21.811176470588236,3.8262352941176467,10.764705882352942,0.18743406779514094,0.0,0.0,1.0,1.0,0.5017537835278558,1.2086454354868974
9.522222222222224,2.3667777777777776,9.540740740740741,0.2437037037037037,0.0,1.0,0.0,2.0,-1.0233148347542544,-1.1291750958940698
74.30833333333334,4.479166666666667,15.880833333333333,0.0724474822312851,1.0,0.0,0.0,3.0,3.782509550474206,-0.9172583410684787
11.723076923076924,5.227307692307692,8.315384615384614,0.4730769230769231,0.0,1.0,0.0,4.0,-1.8124024491809945,-0.32316924295487187
29.30375,12.663375,10.875,0.4468360850128045,0.0,0.0,1.0,5.0,-0.03159705373196722,2.820247323295993
